{"cameraMode":{"drawMode":0,"name":"Shaded","section":"Shading Mode"},"sceneLighting":true,"audioPlay":false,"sceneViewState":{"showFog":true,"showMaterialUpdate":false,"showSkybox":true,"showFlares":true,"showImageEffects":true,"showParticleSystems":true},"in2DMode":false,"pivot":{"x":8.539968490600586,"y":-2.7324376106262209,"z":17.651945114135743},"rotation":{"x":0.19678133726119996,"y":0.6241677403450012,"z":-0.16650255024433137,"w":0.7375651597976685},"size":10.199984550476075,"orthographic":false}