{"cameraMode":{"drawMode":0,"name":"Shaded","section":"Shading Mode"},"sceneLighting":true,"audioPlay":false,"sceneViewState":{"showFog":true,"showMaterialUpdate":false,"showSkybox":true,"showFlares":true,"showImageEffects":true,"showParticleSystems":true},"in2DMode":false,"pivot":{"x":423.39495849609377,"y":230.40855407714845,"z":5.646644592285156},"rotation":{"x":-0.10151757299900055,"y":0.019677206873893739,"z":-0.002025498542934656,"w":-0.9946605563163757},"size":348.14892578125,"orthographic":false}