{"cameraMode":{"drawMode":0,"name":"Shaded","section":"Shading Mode"},"sceneLighting":false,"audioPlay":false,"sceneViewState":{"showFog":true,"showMaterialUpdate":false,"showSkybox":false,"showFlares":true,"showImageEffects":true,"showParticleSystems":true},"in2DMode":false,"pivot":{"x":-2.9462482929229738,"y":0.17000001668930055,"z":15.766464233398438},"rotation":{"x":-0.028312155976891519,"y":-0.9714032411575317,"z":0.15308324992656709,"w":-0.1794501692056656},"size":0.8660284876823425,"orthographic":false}