{"cameraMode":{"drawMode":0,"name":"Shaded","section":"Shading Mode"},"sceneLighting":true,"audioPlay":false,"sceneViewState":{"showFog":true,"showMaterialUpdate":false,"showSkybox":true,"showFlares":true,"showImageEffects":true,"showParticleSystems":true},"in2DMode":false,"pivot":{"x":-1.9900000095367432,"y":2.200000286102295,"z":9.930000305175782},"rotation":{"x":0.0039632185362279419,"y":-0.9940070509910584,"z":0.10325299203395844,"w":0.03789444640278816},"size":2.784977674484253,"orthographic":false}