{"cameraMode":{"drawMode":0,"name":"Shaded","section":"Shading Mode"},"sceneLighting":true,"audioPlay":false,"sceneViewState":{"showFog":true,"showMaterialUpdate":false,"showSkybox":true,"showFlares":true,"showImageEffects":true,"showParticleSystems":true},"in2DMode":false,"pivot":{"x":761.570556640625,"y":323.61920166015627,"z":35.84169387817383},"rotation":{"x":0.03120589256286621,"y":-0.001174785429611802,"z":0.00005384958058129996,"w":0.9995536208152771},"size":394.0676574707031,"orthographic":false}