{"cameraMode":{"drawMode":0,"name":"Shaded","section":"Shading Mode"},"sceneLighting":true,"audioPlay":false,"sceneViewState":{"showFog":true,"showMaterialUpdate":false,"showSkybox":true,"showFlares":true,"showImageEffects":true,"showParticleSystems":true},"in2DMode":false,"pivot":{"x":391.21038818359377,"y":284.4961853027344,"z":39.755531311035159},"rotation":{"x":0.008709589950740338,"y":-0.005674971733242273,"z":0.00007011026900727302,"w":0.9999874234199524},"size":323.6073303222656,"orthographic":false}