{"cameraMode":{"drawMode":0,"name":"Shaded","section":"Shading Mode"},"sceneLighting":true,"audioPlay":false,"sceneViewState":{"showFog":true,"showMaterialUpdate":false,"showSkybox":true,"showFlares":true,"showImageEffects":true,"showParticleSystems":true},"in2DMode":false,"pivot":{"x":4.53659725189209,"y":-15.81849193572998,"z":13.047882080078125},"rotation":{"x":-0.412834107875824,"y":-0.5812240839004517,"z":0.4383830726146698,"w":-0.5473504662513733},"size":19.475032806396486,"orthographic":false}