{"cameraMode":{"drawMode":0,"name":"Shaded","section":"Shading Mode"},"sceneLighting":true,"audioPlay":false,"sceneViewState":{"showFog":true,"showMaterialUpdate":false,"showSkybox":true,"showFlares":true,"showImageEffects":true,"showParticleSystems":true},"in2DMode":false,"pivot":{"x":27.542882919311525,"y":0.37929487228393557,"z":25.74644660949707},"rotation":{"x":0.10829979926347733,"y":0.6211528182029724,"z":-0.08722912520170212,"w":0.7712687849998474},"size":10.06898021697998,"orthographic":false}