{"cameraMode":{"drawMode":0,"name":"Shaded","section":"Shading Mode"},"sceneLighting":false,"audioPlay":false,"sceneViewState":{"showFog":true,"showMaterialUpdate":false,"showSkybox":false,"showFlares":true,"showImageEffects":true,"showParticleSystems":true},"in2DMode":false,"pivot":{"x":15.718500137329102,"y":5.050000190734863,"z":25.74644660949707},"rotation":{"x":0.29930272698402407,"y":0.3337899148464203,"z":-0.11264529079198837,"w":0.8867648243904114},"size":0.380172997713089,"orthographic":false}