{"cameraMode":{"drawMode":0,"name":"Shaded","section":"Shading Mode"},"sceneLighting":true,"audioPlay":false,"sceneViewState":{"showFog":true,"showMaterialUpdate":false,"showSkybox":true,"showFlares":true,"showImageEffects":true,"showParticleSystems":true},"in2DMode":false,"pivot":{"x":23.577869415283204,"y":2.0074329376220705,"z":21.824661254882814},"rotation":{"x":0.09178929030895233,"y":0.8769782185554504,"z":-0.18554547429084779,"w":0.43372011184692385},"size":6.392938137054443,"orthographic":false}