{"cameraMode":{"drawMode":0,"name":"Shaded","section":"Shading Mode"},"sceneLighting":true,"audioPlay":false,"sceneViewState":{"showFog":true,"showMaterialUpdate":false,"showSkybox":true,"showFlares":true,"showImageEffects":true,"showParticleSystems":true},"in2DMode":false,"pivot":{"x":9.623607635498047,"y":16.565444946289064,"z":26.090778350830079},"rotation":{"x":0.1600814014673233,"y":0.7873225808143616,"z":-0.22939716279506684,"w":0.5494475364685059},"size":18.021045684814454,"orthographic":false}