{"cameraMode":{"drawMode":0,"name":"Shaded","section":"Shading Mode"},"sceneLighting":true,"audioPlay":false,"sceneViewState":{"showFog":true,"showMaterialUpdate":false,"showSkybox":true,"showFlares":true,"showImageEffects":true,"showParticleSystems":true},"in2DMode":false,"pivot":{"x":-2.753319501876831,"y":5.371881484985352,"z":10.95334243774414},"rotation":{"x":0.05106975883245468,"y":0.9351666569709778,"z":-0.15082524716854096,"w":0.3165276050567627},"size":13.751519203186036,"orthographic":false}