{"cameraMode":{"drawMode":0,"name":"Shaded","section":"Shading Mode"},"sceneLighting":true,"audioPlay":false,"sceneViewState":{"showFog":true,"showMaterialUpdate":false,"showSkybox":true,"showFlares":true,"showImageEffects":true,"showParticleSystems":true},"in2DMode":false,"pivot":{"x":15.785167694091797,"y":3.0,"z":13.06454086303711},"rotation":{"x":-0.002559695392847061,"y":0.9971455931663513,"z":-0.06411463767290116,"w":-0.03980594128370285},"size":4.2223076820373539,"orthographic":false}