{"cameraMode":{"drawMode":0,"name":"Shaded","section":"Shading Mode"},"sceneLighting":true,"audioPlay":false,"sceneViewState":{"showFog":true,"showMaterialUpdate":false,"showSkybox":true,"showFlares":true,"showImageEffects":true,"showParticleSystems":true},"in2DMode":false,"pivot":{"x":28.440731048583986,"y":3.195009708404541,"z":22.300418853759767},"rotation":{"x":0.07511883974075318,"y":0.714878499507904,"z":-0.07773242145776749,"w":0.6908422708511353},"size":11.804932594299317,"orthographic":false}