{"cameraMode":{"drawMode":0,"name":"Shaded","section":"Shading Mode"},"sceneLighting":true,"audioPlay":false,"sceneViewState":{"showFog":true,"showMaterialUpdate":false,"showSkybox":true,"showFlares":true,"showImageEffects":true,"showParticleSystems":true},"in2DMode":false,"pivot":{"x":38.51897430419922,"y":-5.486747741699219,"z":11.829692840576172},"rotation":{"x":0.10054194927215576,"y":0.7808522582054138,"z":-0.13027119636535645,"w":0.6026532649993897},"size":17.928443908691408,"orthographic":false}