{"cameraMode":{"drawMode":0,"name":"Shaded","section":"Shading Mode"},"sceneLighting":false,"audioPlay":false,"sceneViewState":{"showFog":true,"showMaterialUpdate":false,"showSkybox":false,"showFlares":true,"showImageEffects":true,"showParticleSystems":true},"in2DMode":false,"pivot":{"x":0.0,"y":0.9019508361816406,"z":-0.08772353827953339},"rotation":{"x":-0.015374702401459217,"y":0.9830357432365418,"z":-0.09794718772172928,"w":-0.15430672466754914},"size":1.490576148033142,"orthographic":false}