{"cameraMode":{"drawMode":0,"name":"Shaded","section":"Shading Mode"},"sceneLighting":false,"audioPlay":false,"sceneViewState":{"showFog":true,"showMaterialUpdate":false,"showSkybox":false,"showFlares":true,"showImageEffects":true,"showParticleSystems":true},"in2DMode":false,"pivot":{"x":-0.14688968658447267,"y":1.2000000476837159,"z":16.12601089477539},"rotation":{"x":-0.13842618465423585,"y":0.23008492588996888,"z":-0.03308359906077385,"w":-0.9627068638801575},"size":1.837117314338684,"orthographic":false}