{"cameraMode":{"drawMode":0,"name":"Shaded","section":"Shading Mode"},"sceneLighting":true,"audioPlay":false,"sceneViewState":{"showFog":true,"showMaterialUpdate":false,"showSkybox":true,"showFlares":true,"showImageEffects":true,"showParticleSystems":true},"in2DMode":false,"pivot":{"x":340.6796569824219,"y":-20.4892578125,"z":245.20635986328126},"rotation":{"x":-0.1125594973564148,"y":0.014006849378347397,"z":-0.0015868715709075332,"w":-0.9935454726219177},"size":433.8255310058594,"orthographic":false}