{"cameraMode":{"drawMode":0,"name":"Shaded","section":"Shading Mode"},"sceneLighting":true,"audioPlay":false,"sceneViewState":{"showFog":true,"showMaterialUpdate":false,"showSkybox":true,"showFlares":true,"showImageEffects":true,"showParticleSystems":true},"in2DMode":false,"pivot":{"x":3.5257036685943605,"y":8.636906623840332,"z":-0.676653265953064},"rotation":{"x":0.3259304165840149,"y":-0.2994844317436218,"z":0.10958678275346756,"w":0.8900036811828613},"size":4.824745178222656,"orthographic":false}